volume_bucket,mae,mape,count,mean_actual
Very Small (<100),226.87940687366896,7235.343358185756,84,26.476190476190474
Small (100-500),304.6407368436773,147.9487138583119,94,247.9468085106383
Medium (500-2K),425.1052627199226,34.02001971609545,144,1168.5347222222222
Large (2K-10K),1761.024911282993,62.382591976552405,41,2740.048780487805
