month_str,mae,mape,count,mean_actual,mean_predicted,bias
2025-11,507.9164627656889,769.4624776972396,299,932.8076923076923,683.0564,-249.75129582331726
2025-12,456.94150418788195,6235.364210452603,64,425.5078125,527.7216,102.21380615234375
