{
  "model": "LightGBM",
  "experiment": "phase4_lgbm_experiment",
  "cv_metrics": {
    "r2_mean": 0.8653993293675197,
    "r2_std": 0.1786151199692264,
    "mae_mean": 242.78047162402987,
    "mae_std": 288.7722540397605,
    "rmse_mean": 444.9978711152828,
    "rmse_std": 505.1637407600909,
    "n_folds": 4,
    "fold_metrics": [
      {
        "fold": 1,
        "r2": 0.5594272147522519,
        "mae": 738.5008143433133,
        "rmse": 1307.6024189526293,
        "train_rows": 119,
        "val_rows": 280
      },
      {
        "fold": 2,
        "r2": 0.9244621611115568,
        "mae": 133.64827508603634,
        "rmse": 279.9232548935382,
        "train_rows": 218,
        "val_rows": 962
      },
      {
        "fold": 3,
        "r2": 0.9853902786452745,
        "mae": 73.81710877724828,
        "rmse": 151.69181935495916,
        "train_rows": 498,
        "val_rows": 970
      },
      {
        "fold": 4,
        "r2": 0.9923176629609957,
        "mae": 25.155688289521514,
        "rmse": 40.77399126000461,
        "train_rows": 1460,
        "val_rows": 66
      }
    ]
  },
  "hyperparameters": {
    "objective": "regression",
    "boosting_type": "gbdt",
    "n_estimators": 700,
    "learning_rate": 0.04,
    "num_leaves": 64,
    "max_depth": -1,
    "subsample": 0.9,
    "colsample_bytree": 0.9,
    "reg_lambda": 1.0,
    "reg_alpha": 0.0,
    "min_child_samples": 20,
    "n_jobs": -1,
    "random_state": 42,
    "verbose": -1
  }
}